工号,姓名
CL10215,张晓明
CL10216,王芳
CL10217,欧阳志远
CL10218,李建国
CL10219,陈思思
CL10220,刘德华
CL10221,司马相如
CL10222,赵静
CL10223,诸葛孔明
CL10224,孙志平
CL10225,马小玲
CL10226,周杰伦
CL10227,慕容复
CL10228,郭靖
CL10229,黄蓉蓉
CL10230,东方不败
CL10231,陆雪琪
CL10232,张无忌
CL10233,独孤求败
CL10234,丁鹏
CL10235,楚留香
CL10236,陆小凤
CL10237,西门吹雪
CL10238,叶孤城
CL10239,林平之
CL10240,岳不群
CL10241,任盈盈
CL10242,乔峰
CL10243,段誉
CL10244,虚竹
CL10245,王语嫣
CL10246,阿朱
CL10247,钟灵
CL10248,木婉清
CL10249,云中鹤
CL10250,鸠摩智
CL10251,慕容博
CL10252,萧远山
CL10253,扫地僧
CL10254,丁春秋
CL10255,游坦之
CL10256,全冠清
CL10257,苏星河
CL10258,康广陵
CL10259,范蠡
CL10260,西施
CL10261,勾践
CL10262,夫差
CL10263,伍子胥
CL10264,孙武
CL10265,白起
CL10266,王翦
CL10267,廉颇
CL10268,李牧
CL10269,赵奢
CL10270,项羽
CL10271,刘邦
CL10272,韩信
CL10273,张良
CL10274,萧何
CL10275,樊哙
CL10276,周勃
CL10277,灌婴
CL10278,曹参
CL10279,彭越
CL10280,英布
CL10281,龙且
CL10282,范增
CL10283,钟离眜
CL10284,季布
CL10285,虞姬
CL10286,吕雉
CL10287,戚夫人
CL10288,汉景帝
CL10289,汉武帝
CL10290,卫青
CL10291,霍去病
CL10292,李广
CL10293,张骞
CL10294,苏武
CL10295,司马迁
CL10296,董仲舒
CL10297,班固
CL10298,班超
CL10299,班昭
CL10300,蔡伦
CL10301,张衡
CL10302,华佗
CL10303,张仲景
CL10304,关羽
CL10305,张飞
CL10306,赵云
CL10307,马超
CL10308,黄忠
CL10309,魏延
CL10310,姜维
CL10311,邓艾
CL10312,钟会
CL10313,陆逊
CL10314,周瑜
